architecture,day,krs,length,surface
0,0,0.000233410258464312,4.0647497349752975,1.9195299034954145
0,1,0.0005782194099311717,9.753822675432685,4.311728110216587
0,2,0.0010502791587266164,18.584246716505262,7.298563904056258
0,3,0.001661832527065996,32.48993507046656,11.00889904296025
0,4,0.002395972099363593,51.6666424346338,15.421645400591004
0,5,0.0032589067917144555,77.80736805856179,20.663512937551854
0,6,0.00425188945005837,112.01893602666925,26.843250484788953
0,7,0.0053535316862374244,154.55055234494324,33.96997783589809
0,8,0.006566917833491836,207.64810853651642,42.2067959760846
0,9,0.007884917511043596,272.4672951389985,51.62265419388959
0,10,0.009297534806846688,350.3303378422778,62.28419441522349
0,11,0.010792282012688642,442.3494466932508,74.2816515220143
0,12,0.012358281847066005,549.1957263124681,87.66118506463553
0,13,0.01398628152350057,671.0342811300352,102.42517422523989
0,14,0.01567915036856325,811.992996112966,118.92607385681735
0,15,0.017380552929066616,984.8407305040748,136.98124608217228
0,16,0.01907262131518309,1179.573647683263,156.43026438325364
0,17,0.02075478080802944,1389.406528120161,177.24392062628306
0,18,0.02242785308399587,1615.3055789307768,199.54210710465028
0,19,0.02415264902280578,1856.753189116443,223.3005921983609
0,20,0.026169918523474806,2113.206536258489,248.46095070196742
0,21,0.028282529903199953,2386.008818262121,275.1786400363272
0,22,0.03052858152478999,2673.9486989931524,303.34174967082566
0,23,0.03289748787566026,2976.1265335976236,332.78211036149685
0,24,0.03540371301688495,3296.5058180666606,363.8370617985172
0,25,0.037933953852668637,3632.2673132741093,395.84587660085907
0,26,0.04048745719141718,3982.795191705694,428.8482290445215
0,27,0.043011667571625174,4346.893752512077,462.7061867226377
0,28,0.04550386943531284,4722.739727524537,497.2812568081474
0,29,0.04796067008098562,5110.641560319558,532.645085602383
0,30,0.05039058177071073,5511.967983159378,568.883422283161
0,31,0.05277828282492335,5927.149574757629,606.1409925081186
0,32,0.05501534736014461,6356.503222383031,644.3684167840037
0,33,0.05710433940968977,6795.147717255539,683.177143376704
0,34,0.05909492996833796,7246.245388792384,722.7294635073899
0,35,0.06106889962513123,7709.536537633637,763.1130897063188
0,36,0.06302999603126595,8181.910736420407,804.0265343292012
0,37,0.0649742312928401,8666.497540634093,845.7363400816448
0,38,0.06689802603698741,9161.723431389462,888.1419157986433
0,39,0.06878347059954523,9665.04482380445,931.0371815512785
0,40,0.0706522448182364,10175.39286542259,974.3600199765149
0,41,0.07251746093112248,10694.44495873099,1018.1967361121956
0,42,0.07438415895088668,11221.282835987768,1062.4754847286258
0,43,0.07631789523868915,11757.205120275205,1107.3393843254967
0,44,0.07826046483733907,12297.747754711847,1152.4191585488861
0,45,0.08009332855846028,12843.62330887072,1197.787015513588
0,46,0.0819344152633534,13396.5956381349,1243.5682207003151
0,47,0.08370636642721982,13952.177292533741,1289.4510699821221
0,48,0.0854699674731256,14509.722746120511,1335.3957536821513
0,49,0.08718338552328399,15072.800064759916,1381.6957414442752
0,50,0.088847658955624,15641.551300010364,1428.366520920909
0,51,0.09049702395498656,16212.454240946563,1475.1590238118572
0,52,0.09211722899734046,16790.83372209186,1522.426978442519
0,53,0.09365588152887047,17371.82260325752,1569.756524318589
0,54,0.09520487456518044,17956.377842183672,1617.2328503060821
0,55,0.09667797986168093,18543.257562580482,1664.8117264870957
0,56,0.09813352392546902,19131.402273209253,1712.4080909944373
0,57,0.09960047947324271,19722.30558819711,1760.1132714378095
0,58,0.10105294776427869,20313.01786488083,1807.7771615653037
0,59,0.10252052050807937,20906.916656815345,1855.5865521115816
0,60,0.10396184071407893,21500.422921845715,1903.2672508033595
0,61,0.1053629640906201,22094.688007087545,1950.9495398341016
0,62,0.10674334702032495,22689.598294233536,1998.641658138668
0,63,0.1080952428483905,23286.335702503922,2046.4385671599507
0,64,0.10946603881642503,23881.94978021452,2094.107025130633
0,65,0.11087052910972395,24478.6423987127,2141.8655478694536
0,66,0.11233126299271477,25076.35764925523,2189.611008920269
0,67,0.1138118122350323,25673.676291897227,2237.2371953659726
0,68,0.11533404421413682,26272.594195810638,2284.9277295471966
0,69,0.11685929646365278,26869.231686063013,2332.363008677558
1,0,0.00029532385809008586,5.9875527335594745,2.767728909099889
1,1,0.0006980074491710017,19.46895512283838,6.68229191536596
1,2,0.0010708998896606966,43.9919749043141,12.089955816166043
1,3,0.001361933703792916,76.37185770842542,18.54233089852912
1,4,0.0015827189588500988,115.1801280499445,25.852545179794944
1,5,0.001741868940237115,163.49736509711545,34.356010802359044
1,6,0.0018572511605876914,217.40707920707356,43.51916346569248
1,7,0.0019365154043087056,263.9109408095071,51.68303062348845
1,8,0.0020044730390736945,313.36769130492814,60.12120947802219
1,9,0.002059386451317924,361.576366342842,68.32301701364182
1,10,0.0021046851389607633,406.3614183682503,75.99440453646869
1,11,0.002170557512444658,448.5405925497854,83.2393570548317
1,12,0.002252529321551139,491.7712145982443,90.52668097278806
1,13,0.0023230349722854465,532.710222853916,97.46285694227048
1,14,0.002365553834273872,575.5835535091664,104.58182311458319
1,15,0.0023855208540761457,614.2414143671172,111.06326618183189
1,16,0.0023892656861920175,647.7433642287077,116.86756755440568
1,17,0.0023823929468917236,680.867995572187,122.50698049440828
1,18,0.002379967179656379,711.681427289613,127.81253033464559
1,19,0.002620443733544114,743.244637637281,133.12999012856653
1,20,0.0032317415864978835,771.6409777468622,137.95111272948188
1,21,0.003816598707700845,801.0162395451558,142.82239305535123
1,22,0.004370013532673595,824.9579658544723,147.00844060870116
1,23,0.004778919153497962,850.943092261509,151.37288554745334
1,24,0.005051502506889359,876.2187944245775,155.57712268149936
1,25,0.0052158043806837485,892.524127320127,158.58949542113947
1,26,0.005291553347027557,913.5307136062972,162.13371917044844
1,27,0.005328661023834453,928.406393511885,164.85362246105802
1,28,0.005311676452964594,941.3185278924682,167.27736702967266
1,29,0.005290285925764166,957.9881412632544,170.17452470927532
1,30,0.005254092254792762,976.2291593757545,173.24602173609517
1,31,0.005188691902112495,986.4398871744329,175.24751069137128
1,32,0.0051204186275063,996.7413224808888,177.2099367842846
1,33,0.005058604796943769,1008.2886570027831,179.2860438955123
1,34,0.004986799045184592,1016.823509383778,180.94634150103056
1,35,0.004924598787147717,1025.261346076906,182.5614925266914
1,36,0.0048636808339867854,1032.5380356318951,184.00113592646136
1,37,0.004809613872988425,1037.2264625614068,185.08863692843482
1,38,0.004758657809910786,1043.781213347316,186.38600229125618
1,39,0.004714899580370976,1048.7278362685875,187.458497555282
1,40,0.00468157207892635,1051.4516215438912,188.23049187792876
1,41,0.004649720234952411,1056.3076461466806,189.25067446120562
1,42,0.004618771611188645,1061.4722061375944,190.29112683473687
1,43,0.004586282638975821,1066.3827902533349,191.2822880871496
1,44,0.004554952125353165,1069.1192721275002,191.9838881322581
1,45,0.004523246939429976,1072.0563244943728,192.69526771991553
1,46,0.004489967321550175,1073.2730980146162,193.17589958597955
1,47,0.004455797754728531,1079.6020840279716,194.2851668634662
1,48,0.004465892164206913,1083.9196383920862,195.12861409824325
1,49,0.004519241226039578,1084.9253240515038,195.54349923270775
1,50,0.0045705675305218844,1086.9554829246936,196.07537175849052
1,51,0.004608449782894442,1088.0419804436144,196.47749486873408
1,52,0.004632009462536132,1089.9583123384577,196.9732803919241
1,53,0.004634690582470036,1092.165427777157,197.49550189910633
1,54,0.004623269963698078,1093.6469107708579,197.91691339333397
1,55,0.004599522469080029,1094.4874550627699,198.24860896289147
1,56,0.004566334065082364,1096.774869056109,198.75337442351622
1,57,0.004525864362661329,1097.6567944748112,199.07317096694186
1,58,0.00447854712914594,1098.1603288409078,199.33744351119773
1,59,0.00442363948407661,1099.612538047826,199.71331076365266
1,60,0.004362267473686042,1100.2432578648913,199.97866222562615
1,61,0.004297659286474878,1100.6548271185625,200.2095065514581
1,62,0.004227639293397868,1101.0391244546217,200.43025536376223
1,63,0.004155814473169178,1102.2323040448514,200.74626642870527
1,64,0.004085607146013079,1104.2282727761633,201.15704276714882
1,65,0.004013150616314741,1104.5939447305045,201.35708864587923
1,66,0.0039365723466705796,1104.891974215474,201.54301491917113
1,67,0.0038582955481911035,1105.1785492690778,201.72211220072893
1,68,0.003777103490692829,1106.6907795504562,202.05005875175067
1,69,0.003693677754327642,1106.9605757926824,202.21691317018104
2,0,0.0002804107462869036,5.680971585117125,4.035901805529053
2,1,0.0005688211376343112,12.433360322929866,8.16372350199047
2,2,0.0008149246887813727,18.932710025027443,12.257539595934677
2,3,0.001019195129346854,33.71430899743496,21.100311842683524
2,4,0.0011613461134609934,64.70569088985191,40.06635748455813
2,5,0.001284671409593305,97.77700639616424,59.184759605119964
2,6,0.0013636912368959657,131.46445810510593,78.16439970545332
2,7,0.0014253503679400327,167.88756905319224,97.33669989724498
2,8,0.0014679441186240744,206.73677991695246,116.63582367772962
2,9,0.001498033697597031,245.9668809213659,135.7965530821828
2,10,0.0015214306379726964,290.17432973238846,155.46526007996974
2,11,0.0015367981101590217,339.4896682090733,175.56949315954282
2,12,0.0015497219929663153,392.6863991088874,196.07007963364686
2,13,0.0015622934976486694,449.08642479220515,216.79587973316995
2,14,0.0015582563746945894,508.3063912400512,237.694738880834
2,15,0.0015376505966853376,573.7433485164204,259.2796984170312
2,16,0.0015059172595613382,644.3751664148326,281.3223394008593
2,17,0.0014657791895509498,720.1073916799697,303.90721793050403
2,18,0.0014194013749969868,802.2465606047177,326.6984217460573
2,19,0.00143902630272751,940.8006338202293,350.10188780776446
2,20,0.0015720140818574512,1085.5659262131467,374.28526891289016
2,21,0.0016927972465283713,1233.2797687167551,398.74600175397507
2,22,0.001823523377642203,1384.1040196534339,423.48669588666553
2,23,0.0019367508975351078,1547.658640214118,449.80244794221346
2,24,0.0020648709685462526,1716.5768582305045,476.7138909080264
2,25,0.0021770301467613196,1883.6897077120793,503.2917594884055
2,26,0.0022875311730098076,2059.249814535611,530.946392955272
2,27,0.0023959893012284908,2243.7715804083577,559.6234723964317
2,28,0.002487358773557429,2425.3312989414185,587.840151310159
2,29,0.002579753396608404,2610.734154815713,616.577224635499
2,30,0.002659422604232724,2806.6011102898756,646.5273558185285
2,31,0.0027358450469939758,3008.511178619594,677.1367139250149
2,32,0.0028122587931173207,3218.635209797738,709.0760235126004
2,33,0.0028799323693683688,3429.0424996318625,743.4058911607575
2,34,0.0029481729282685156,3642.3719581551004,777.9764793410868
2,35,0.0030073529020902406,3853.746755234036,812.1945833816724
2,36,0.003064199463433204,4070.1934816979838,847.0439069038625
2,37,0.003122241732265736,4290.149915160772,882.2116925952961
2,38,0.0031723952606398666,4500.695122720405,916.0761507888948
2,39,0.003220123528928198,4719.1237583618495,950.8889505493707
2,40,0.0032655650420289756,4943.070748161998,986.3128177741062
2,41,0.0033052823887348547,5156.16819018002,1020.2567829733953
2,42,0.0033413115973824196,5375.57960685823,1054.8794842278978
2,43,0.003377310403582256,5606.31468076949,1090.9159005429815
2,44,0.0034082184381658844,5836.820575858273,1126.8158569618859
2,45,0.00344088345105393,6070.74306728853,1163.0344428375242
2,46,0.003462054964186219,6302.114677951551,1198.8234767344015
2,47,0.0034821280700832093,6532.682636128828,1234.5162659112589
2,48,0.0035205685200272985,6762.515519628446,1280.7824859721352
2,49,0.003598804145159965,6984.770056660034,1327.3943422032153
2,50,0.0036850386090983905,7205.581591603271,1373.5888807748577
2,51,0.0037762075649284354,7425.802342171528,1419.5747460959096
2,52,0.0038653205753663685,7651.91092021192,1466.1176829096487
2,53,0.003955303094514151,7879.423388550194,1512.6078195253717
2,54,0.0040397322404904495,8113.715133998307,1559.7328228957513
2,55,0.004122387876984125,8365.843426088104,1609.005948166778
2,56,0.004202656321918023,8615.856880269002,1657.7908270609119
2,57,0.0042760919034095,8866.176617670406,1706.3945778659925
2,58,0.0043462310828634495,9123.68807763777,1755.6852838660623
2,59,0.0044134416713106535,9377.53329605169,1804.3419253613806
2,60,0.004477961990366294,9631.55181188093,1852.8945088319758
2,61,0.004537071026864377,9896.175783165336,1902.5696534451656
2,62,0.0045911376095833425,10168.414367021694,1952.9942278805922
2,63,0.004637961112901508,10437.265864511191,2002.7883913570315
2,64,0.004681950652974282,10716.543424566018,2053.7770772578588
2,65,0.004726461497884363,10987.951859704646,2103.5929930233933
2,66,0.004770253271246232,11265.766557916353,2154.015835622157
2,67,0.004809877836250203,11545.664410386376,2204.5048957401154
2,68,0.004849176336476109,11823.159218933051,2254.523014631249
2,69,0.0048890545656371945,12110.356447836919,2305.6604472100416
3,0,0.00023338242421423267,4.064339597739793,1.7914369137144694
3,1,0.0005781155709757266,9.752269898911667,4.062805608426349
3,2,0.0010412108352383328,18.113831978146244,6.884615708349072
3,3,0.001643266050461585,31.479649643142057,10.422307659544423
3,4,0.00238096371871347,50.562039332563614,14.726586387149073
3,5,0.0032843372575303478,78.53934032141213,20.090367706365654
3,6,0.004290603594968375,113.26271145418363,26.2768173012861
3,7,0.0054011521230520766,156.61244262584262,33.4047620815549
3,8,0.0066362531827922535,212.29894996246273,41.75760243166945
3,9,0.007949006904531375,277.77059953003027,51.125891890119185
3,10,0.00933135909671238,353.9298168373283,61.57489500050647
3,11,0.010789059081663083,442.9468277344601,73.23219384537094
3,12,0.012305884157595825,545.4338568510749,86.14329972536204
3,13,0.013883200206800153,662.0960107004983,100.37529742088525
3,14,0.015527484450335477,795.6380626302923,116.1713627480071
3,15,0.017200295266794088,959.2943888322959,133.44711641414352
3,16,0.01888641390953293,1141.8679281810817,151.9092787187019
3,17,0.0205929450102615,1339.8102660654329,171.8648561760212
3,18,0.022285982400097697,1555.9891884174854,193.54275848839623
3,19,0.02402966683653673,1788.2831122156022,216.76806586806475
3,20,0.026051139697944318,2039.511109281744,241.72817280477454
3,21,0.028205229264183625,2307.3188965197696,268.17169707709013
3,22,0.030535306586614883,2595.219420920938,296.3831631656999
3,23,0.03291428084541354,2902.9708509359775,326.3457744138965
3,24,0.03538989842051996,3230.26332990352,358.0146357175211
3,25,0.03783948668315762,3574.1322921750602,390.75557193139093
3,26,0.04029731690374817,3935.5963128444705,424.67188161761834
3,27,0.04275797094083769,4319.324459652785,460.14120883301655
3,28,0.045187738308244664,4718.630763683068,496.61404839999784
3,29,0.04759929083470241,5134.108778085564,534.1075533647906
3,30,0.05000257712815439,5565.358422197857,572.571304102089
3,31,0.05237777521254035,6007.269423686833,611.5920512761156
3,32,0.05470000101469971,6459.7886682726585,651.2211088475303
3,33,0.05692410820817549,6923.291680621705,691.5428677307004
3,34,0.059167133120049425,7393.710025476896,732.2642760715457
3,35,0.06136955096535687,7873.54410264269,773.5772094122942
3,36,0.06352576163608638,8360.67692016174,815.3182174154754
3,37,0.0656352295886382,8854.19988345739,857.4537398249482
3,38,0.06769787023921806,9354.41950756334,899.9614732995727
3,39,0.0697723403076929,9861.535936630122,942.8496616719492
3,40,0.07181724729909945,10370.401087589604,985.7711289987774
3,41,0.07388889105100732,10884.525519373714,1029.021886723222
3,42,0.07595432688012066,11403.739357410403,1072.5630440131808
3,43,0.07802456752271478,11929.017580804164,1116.477938209693
3,44,0.08009865141074585,12457.27463725604,1160.5012678717408
3,45,0.08196208117092729,12987.203993318413,1204.6079815649823
3,46,0.08370584100735574,13521.007967211715,1248.9184316675742
3,47,0.08532179160741743,14058.220165935534,1293.382943719007
3,48,0.08685209025385304,14599.2143730379,1338.0991765361052
3,49,0.08838111959051345,15145.843407291326,1383.1228209608225
3,50,0.0899042469980761,15691.261157735762,1427.9823033620696
3,51,0.09136221422278096,16239.195166220641,1472.978715906322
3,52,0.09280909017870773,16789.870167463363,1518.1103641671584
3,53,0.09422473243699034,17340.580462174174,1563.1742034151116
3,54,0.09559282228532688,17895.034246236894,1608.444695683979
3,55,0.09694662730497094,18452.959342404472,1654.0016709416498
3,56,0.09828182445823008,19010.81999542439,1699.4997820908911
3,57,0.09957912598223981,19567.995543924553,1744.8335841651724
3,58,0.10089164790090271,20130.55690407548,1790.472784400919
3,59,0.10222475196167778,20693.894843490725,1836.1396389649753
3,60,0.10357138214146502,21258.299817099603,1881.8207454717297
3,61,0.10490748050315674,21827.571268466854,1927.7762956158406
3,62,0.10626997504383372,22396.26227496475,1973.6655186847097
3,63,0.10763860090896947,22965.09445943909,2019.503465224829
3,64,0.10901436488502768,23536.81678011004,2065.500604878502
3,65,0.11039404754523381,24108.451737125964,2111.420575488593
3,66,0.11176361158117183,24681.338035005945,2157.3434063345435
3,67,0.11312544983279371,25255.694360389985,2203.252250953508
3,68,0.11452865504819942,25828.982068893314,2249.0143149592013
3,69,0.11590967338847066,26401.355553395766,2294.6510755507616
